Total_Provisioned_MW,Tier_A_MW,Tier_B1_MW,Tier_B2_MW,Reliability_A,Reliability_B1,Reliability_B2,LCOE_delivered,Curtailment_Annual_GWh,Energy_A_Annual_GWh,Energy_B1_Annual_GWh,Energy_B2_Annual_GWh,Energy_C_Annual_GWh,Total_Delivered_Annual_GWh,Objective_Value,Realized_Utilization
37.0,5.0,6.0,26.0,100.0,100.0,100.0,34.33172155717184,24.513531734000697,43.8,52.56,227.76,142.88263221338838,467.0026322133884,185.98426322133884,0.5331080276408543
37.0,8.0,0.0,29.0,99.93150684931507,100.0,100.0,34.337773697220506,24.513531734000697,70.04784675496806,0.0,254.04,143.1932700374721,467.2811167924401,185.98317375871528,0.5334259324114613
37.0,6.0,3.0,28.0,100.0,100.0,100.0,34.33242691381077,24.513531734000697,52.56,26.28,245.28,143.13713038473244,467.2571303847325,183.38171303847324,0.5333985506675029
37.0,5.0,5.0,27.0,100.0,100.0,100.0,34.33155237752226,24.513531734000697,43.8,43.8,236.52,143.02891128315582,467.1489112831558,183.37089112831558,0.5332750128803149
37.0,4.0,7.0,26.0,100.0,100.0,100.0,34.33105128364151,24.513531734000697,35.04,61.32,227.76,142.91566180080875,467.0356618008088,183.3595661800809,0.5331457326493251
36.0,5.0,6.0,25.0,100.0,100.0,100.0,34.33172155717184,24.513531734000697,43.8,52.56,219.0,151.4746322133884,466.8346322133884,183.33946322133883,0.5329162468189365
36.0,8.0,0.0,28.0,99.93150684931507,100.0,100.0,34.337773697220506,24.513531734000697,70.04784675496806,0.0,245.28,151.7852700374721,467.1131167924401,183.33837375871528,0.5332341515895435
36.0,4.0,8.0,24.0,100.0,100.0,100.0,34.33124739224527,24.513531734000697,35.04,70.08,210.24,151.36101988797984,466.7210198879799,183.32810198879798,0.5327865523835387
36.0,3.0,10.0,23.0,100.0,100.0,100.0,34.331031780441606,24.513531734000697,26.28,87.6,201.48,151.24392454337396,466.603924543374,183.3163924543374,0.5326528818988288
37.0,7.0,0.0,30.0,100.0,100.0,100.0,34.3343315078661,24.513531734000697,61.32,0.0,262.8,143.3754756312263,467.4954756312263,180.77754756312262,0.5336706342822218
37.0,6.0,2.0,29.0,100.0,100.0,100.0,34.33242691381077,24.513531734000697,52.56,17.52,254.04,143.28113038473245,467.4011303847325,180.76811303847325,0.5335629342291467
37.0,5.0,4.0,28.0,100.0,100.0,100.0,34.3313991495198,24.513531734000697,43.8,35.04,245.28,143.1749754828885,467.2949754828885,180.75749754828885,0.5334417528343476
37.0,4.0,6.0,27.0,100.0,100.0,100.0,34.330882110597784,24.513531734000697,35.04,52.56,236.52,143.0619408705762,467.1819408705762,180.74619408705763,0.5333127178887856
36.0,6.0,3.0,27.0,100.0,100.0,100.0,34.33242691381077,24.513531734000697,52.56,26.28,236.52,151.72913038473243,467.0891303847324,180.73691303847323,0.5332067698455849
37.0,3.0,8.0,26.0,100.0,100.0,100.0,34.33070416884542,24.513531734000697,26.28,70.08,227.76,142.94433809509638,467.06433809509633,180.73443380950965,0.5331784681450872
36.0,5.0,5.0,26.0,100.0,100.0,100.0,34.33155237752226,24.513531734000697,43.8,43.8,227.76,151.62091128315583,466.9809112831558,180.7260911283156,0.533083232058397
37.0,2.0,10.0,25.0,100.0,100.0,100.0,34.33070416884542,24.513531734000697,17.52,87.6,219.0,142.82433809509638,466.9443380950963,180.72243380950965,0.5330414818437172
36.0,4.0,7.0,25.0,100.0,100.0,100.0,34.33105128364151,24.513531734000697,35.04,61.32,219.0,151.50766180080876,466.8676618008088,180.7147661800809,0.5329539518274072
36.0,3.0,9.0,24.0,100.0,100.0,100.0,34.33070416884542,24.513531734000697,26.28,78.84,210.24,151.3923380950964,466.7523380950964,180.70323380950964,0.5328223037615255
35.0,5.0,6.0,24.0,100.0,100.0,100.0,34.33172155717184,24.513531734000697,43.8,52.56,210.24,160.06663221338837,466.66663221338837,180.69466322133883,0.5327244659970187
35.0,8.0,0.0,27.0,99.93150684931507,100.0,100.0,34.337773697220506,24.513531734000697,70.04784675496806,0.0,236.52,160.37727003747213,466.9451167924402,180.69357375871527,0.5330423707676258
36.0,2.0,11.0,23.0,100.0,100.0,100.0,34.33070416884542,24.513531734000697,17.52,96.36,201.48,151.2723380950964,466.6323380950964,180.69123380950964,0.5326853174601557
35.0,4.0,8.0,23.0,100.0,100.0,100.0,34.33124739224527,24.513531734000697,35.04,70.08,201.48,159.95301988797985,466.5530198879799,180.68330198879798,0.5325947715616208
36.0,1.0,13.0,22.0,100.0,100.0,100.0,34.33070416884542,24.513531734000697,8.76,113.88,192.72,151.15233809509638,466.51233809509637,180.67923380950964,0.5325483311587857
35.0,3.0,10.0,22.0,100.0,100.0,100.0,34.331031780441606,24.513531734000697,26.28,87.6,192.72,159.83592454337395,466.43592454337397,180.6715924543374,0.5324611010769109
36.0,0.0,15.0,21.0,100.0,100.0,100.0,34.33070416884542,24.513531734000697,0.0,131.4,183.96,151.03233809509638,466.39233809509636,180.66723380950964,0.5324113448574159
38.0,6.0,0.0,32.0,100.0,100.0,100.0,34.33242691381077,24.513531734000697,52.56,0.0,280.32,134.97713038473245,467.8571303847325,178.18571303847324,0.5340834821743522
38.0,5.0,2.0,31.0,100.0,100.0,100.0,34.3313991495198,24.513531734000697,43.8,17.52,271.56,134.8709754828885,467.7509754828885,178.17509754828885,0.5339623007795531
37.0,6.0,1.0,30.0,100.0,100.0,100.0,34.33242691381077,24.513531734000697,52.56,8.76,262.8,143.42513038473243,467.54513038473243,178.15451303847325,0.5337273177907904
37.0,5.0,3.0,29.0,100.0,100.0,100.0,34.3313991495198,24.513531734000697,43.8,26.28,254.04,143.31897548288848,467.4389754828885,178.14389754828886,0.5336061363959914
37.0,4.0,5.0,28.0,100.0,100.0,100.0,34.330713606303576,24.513531734000697,35.04,43.8,245.28,143.20821095339508,467.32821095339506,178.1328210953395,0.5334796928691724
36.0,7.0,0.0,29.0,100.0,100.0,100.0,34.3343315078661,24.513531734000697,61.32,0.0,254.04,151.96747563122628,467.3274756312263,178.13274756312262,0.533478853460304
36.0,6.0,2.0,28.0,100.0,100.0,100.0,34.33242691381077,24.513531734000697,52.56,17.52,245.28,151.87313038473243,467.2331303847324,178.12331303847324,0.5333711534072287
37.0,3.0,7.0,27.0,100.0,100.0,100.0,34.33070416884542,24.513531734000697,26.28,61.32,236.52,143.0883380950964,467.20833809509634,178.12083380950966,0.533342851706731
36.0,5.0,4.0,27.0,100.0,100.0,100.0,34.3313991495198,24.513531734000697,43.8,35.04,236.52,151.7669754828885,467.1269754828885,178.11269754828885,0.5332499720124299
37.0,2.0,9.0,26.0,100.0,100.0,100.0,34.33070416884542,24.513531734000697,17.52,78.84,227.76,142.96833809509639,467.08833809509633,178.10883380950966,0.5332058654053611
36.0,4.0,6.0,26.0,100.0,100.0,100.0,34.330882110597784,24.513531734000697,35.04,52.56,227.76,151.6539408705762,467.0139408705762,178.10139408705763,0.5331209370668678
37.0,1.0,11.0,25.0,100.0,100.0,100.0,34.33070416884542,24.513531734000697,8.76,96.36,219.0,142.84833809509638,466.9683380950963,178.09683380950966,0.5330688791039913
35.0,6.0,3.0,26.0,100.0,100.0,100.0,34.33242691381077,24.513531734000697,52.56,26.28,227.76,160.32113038473244,466.9211303847324,178.09211303847323,0.5330149890236672
36.0,3.0,8.0,25.0,100.0,100.0,100.0,34.33070416884542,24.513531734000697,26.28,70.08,219.0,151.5363380950964,466.8963380950963,178.08963380950965,0.5329866873231693
35.0,5.0,5.0,25.0,100.0,100.0,100.0,34.33155237752226,24.513531734000697,43.8,43.8,219.0,160.21291128315582,466.8129112831558,178.0812911283156,0.5328914512364793
36.0,2.0,10.0,24.0,100.0,100.0,100.0,34.33070416884542,24.513531734000697,17.52,87.6,210.24,151.4163380950964,466.7763380950964,178.07763380950965,0.5328497010217995
35.0,4.0,7.0,24.0,100.0,100.0,100.0,34.33105128364151,24.513531734000697,35.04,61.32,210.24,160.09966180080875,466.69966180080877,178.06996618008088,0.5327621710054895
36.0,1.0,12.0,23.0,100.0,100.0,100.0,34.33070416884542,24.513531734000697,8.76,105.12,201.48,151.2963380950964,466.6563380950964,178.06563380950965,0.5327127147204296
35.0,3.0,9.0,23.0,100.0,100.0,100.0,34.33070416884542,24.513531734000697,26.28,78.84,201.48,159.98433809509638,466.58433809509637,178.05843380950964,0.5326305229396077
36.0,0.0,14.0,22.0,100.0,100.0,100.0,34.33070416884542,24.513531734000697,0.0,122.64,192.72,151.17633809509638,466.53633809509637,178.05363380950965,0.5325757284190598
34.0,5.0,6.0,23.0,100.0,100.0,100.0,34.33172155717184,24.513531734000697,43.8,52.56,201.48,168.6586322133884,466.49863221338836,178.04986322133882,0.5325326851751009
34.0,8.0,0.0,26.0,99.93150684931507,100.0,100.0,34.337773697220506,24.513531734000697,70.04784675496806,0.0,227.76,168.96927003747209,466.7771167924401,178.04877375871527,0.5328505899457079
35.0,2.0,11.0,22.0,100.0,100.0,100.0,34.33070416884542,24.513531734000697,17.52,96.36,192.72,159.8643380950964,466.46433809509637,178.04643380950964,0.5324935366382378
34.0,4.0,8.0,22.0,100.0,100.0,100.0,34.33124739224527,24.513531734000697,35.04,70.08,192.72,168.54501988797986,466.38501988797987,178.03850198879798,0.532402990739703
35.0,1.0,13.0,21.0,100.0,100.0,100.0,34.33070416884542,24.513531734000697,8.76,113.88,183.96,159.7443380950964,466.34433809509636,178.03443380950964,0.532356550336868
34.0,3.0,10.0,21.0,100.0,100.0,100.0,34.331031780441606,24.513531734000697,26.28,87.6,183.96,168.42792454337396,466.26792454337397,178.0267924543374,0.5322693202549931
35.0,0.0,15.0,20.0,100.0,100.0,100.0,34.33070416884542,24.513531734000697,0.0,131.4,175.2,159.6243380950964,466.22433809509636,178.02243380950964,0.5322195640354981
38.0,5.0,1.0,32.0,100.0,100.0,100.0,34.3313991495198,24.513531734000697,43.8,8.76,280.32,135.01497548288853,467.8949754828885,175.56149754828886,0.5341266843411969
38.0,4.0,3.0,31.0,100.0,100.0,100.0,34.33070416884542,24.513531734000697,35.04,26.28,271.56,134.9043380950964,467.78433809509636,175.55043380950966,0.5340003859533063
37.0,6.0,0.0,31.0,100.0,100.0,100.0,34.33242691381077,24.513531734000697,52.56,0.0,271.56,143.56913038473243,467.68913038473244,175.54091303847324,0.5338917013524342
37.0,5.0,2.0,30.0,100.0,100.0,100.0,34.3313991495198,24.513531734000697,43.8,17.52,262.8,143.4629754828885,467.5829754828885,175.53029754828884,0.5337705199576352
37.0,4.0,4.0,29.0,100.0,100.0,100.0,34.33070416884542,24.513531734000697,35.04,35.04,254.04,143.3523380950964,467.47233809509635,175.51923380950964,0.5336442215697447
36.0,6.0,1.0,29.0,100.0,100.0,100.0,34.33242691381077,24.513531734000697,52.56,8.76,254.04,152.0171303847324,467.3771303847324,175.50971303847325,0.5335355369688726
37.0,3.0,6.0,28.0,100.0,100.0,100.0,34.33070416884542,24.513531734000697,26.28,52.56,245.28,143.2323380950964,467.35233809509634,175.50723380950964,0.5335072352683748
36.0,5.0,3.0,28.0,100.0,100.0,100.0,34.3313991495198,24.513531734000697,43.8,26.28,245.28,151.9109754828885,467.2709754828885,175.49909754828886,0.5334143555740737
37.0,2.0,8.0,27.0,100.0,100.0,100.0,34.33070416884542,24.513531734000697,17.52,70.08,236.52,143.1123380950964,467.23233809509634,175.49523380950964,0.5333702489670049
36.0,4.0,5.0,27.0,100.0,100.0,100.0,34.330713606303576,24.513531734000697,35.04,43.8,236.52,151.80021095339507,467.16021095339505,175.48802109533952,0.5332879120472547
35.0,7.0,0.0,28.0,100.0,100.0,100.0,34.3343315078661,24.513531734000697,61.32,0.0,245.28,160.55947563122626,467.1594756312263,175.48794756312262,0.5332870726383862
37.0,1.0,10.0,26.0,100.0,100.0,100.0,34.33070416884542,24.513531734000697,8.76,87.6,227.76,142.9923380950964,467.11233809509633,175.48323380950964,0.5332332626656351
35.0,6.0,2.0,27.0,100.0,100.0,100.0,34.33242691381077,24.513531734000697,52.56,17.52,236.52,160.46513038473242,467.0651303847324,175.47851303847324,0.533179372585311
36.0,3.0,7.0,26.0,100.0,100.0,100.0,34.33070416884542,24.513531734000697,26.28,61.32,227.76,151.68033809509637,467.04033809509633,175.47603380950966,0.5331510708848132
37.0,0.0,12.0,25.0,100.0,100.0,100.0,34.33070416884542,24.513531734000697,0.0,105.12,219.0,142.87233809509638,466.99233809509633,175.47123380950964,0.5330962763642653
35.0,5.0,4.0,26.0,100.0,100.0,100.0,34.3313991495198,24.513531734000697,43.8,35.04,227.76,160.35897548288852,466.95897548288855,175.46789754828885,0.533058191190512
36.0,2.0,9.0,25.0,100.0,100.0,100.0,34.33070416884542,24.513531734000697,17.52,78.84,219.0,151.5603380950964,466.9203380950963,175.46403380950966,0.5330140845834433
35.0,4.0,6.0,25.0,100.0,100.0,100.0,34.330882110597784,24.513531734000697,35.04,52.56,219.0,160.2459408705762,466.8459408705762,175.45659408705762,0.53292915624495
36.0,1.0,11.0,24.0,100.0,100.0,100.0,34.33070416884542,24.513531734000697,8.76,96.36,210.24,151.4403380950964,466.8003380950963,175.45203380950966,0.5328770982820734
34.0,6.0,3.0,25.0,100.0,100.0,100.0,34.33242691381077,24.513531734000697,52.56,26.28,219.0,168.91313038473245,466.75313038473246,175.44731303847325,0.5328232082017494
35.0,3.0,8.0,24.0,100.0,100.0,100.0,34.33070416884542,24.513531734000697,26.28,70.08,210.24,160.12833809509638,466.7283380950964,175.44483380950965,0.5327949065012515
36.0,0.0,13.0,23.0,100.0,100.0,100.0,34.33070416884542,24.513531734000697,0.0,113.88,201.48,151.3203380950964,466.6803380950964,175.44003380950966,0.5327401119807036
34.0,5.0,5.0,24.0,100.0,100.0,100.0,34.33155237752226,24.513531734000697,43.8,43.8,210.24,168.80491128315583,466.6449112831558,175.4364911283156,0.5326996704145615
35.0,2.0,10.0,23.0,100.0,100.0,100.0,34.33070416884542,24.513531734000697,17.52,87.6,201.48,160.00833809509638,466.60833809509637,175.43283380950965,0.5326579201998817
34.0,4.0,7.0,23.0,100.0,100.0,100.0,34.33105128364151,24.513531734000697,35.04,61.32,201.48,168.69166180080876,466.53166180080876,175.42516618008088,0.5325703901835717
35.0,1.0,12.0,22.0,100.0,100.0,100.0,34.33070416884542,24.513531734000697,8.76,105.12,192.72,159.8883380950964,466.48833809509637,175.42083380950965,0.5325209338985119
34.0,3.0,9.0,22.0,100.0,100.0,100.0,34.33070416884542,24.513531734000697,26.28,78.84,192.72,168.5763380950964,466.41633809509636,175.41363380950966,0.5324387421176899
35.0,0.0,14.0,21.0,100.0,100.0,100.0,34.33070416884542,24.513531734000697,0.0,122.64,183.96,159.7683380950964,466.36833809509636,175.40883380950964,0.5323839475971419
33.0,5.0,6.0,22.0,100.0,100.0,100.0,34.33172155717184,24.513531734000697,43.8,52.56,192.72,177.25063221338837,466.33063221338836,175.40506322133885,0.532340904353183
33.0,8.0,0.0,25.0,99.93150684931507,100.0,100.0,34.337773697220506,24.513531734000697,70.04784675496806,0.0,219.0,177.5612700374721,466.6091167924401,175.40397375871527,0.53265880912379
34.0,2.0,11.0,21.0,100.0,100.0,100.0,34.33070416884542,24.513531734000697,17.52,96.36,183.96,168.45633809509638,466.29633809509636,175.40163380950966,0.53230175581632
33.0,4.0,8.0,21.0,100.0,100.0,100.0,34.33124739224527,24.513531734000697,35.04,70.08,183.96,177.13701988797985,466.21701988797986,175.39370198879797,0.5322112099177853
34.0,1.0,13.0,20.0,100.0,100.0,100.0,34.33070416884542,24.513531734000697,8.76,113.88,175.2,168.33633809509635,466.17633809509636,175.38963380950966,0.5321647695149502
33.0,3.0,10.0,20.0,100.0,100.0,100.0,34.331031780441606,24.513531734000697,26.28,87.6,175.2,177.01992454337395,466.09992454337396,175.3819924543374,0.5320775394330753
34.0,0.0,15.0,19.0,100.0,100.0,100.0,34.33070416884542,24.513531734000697,0.0,131.4,166.44,168.21633809509638,466.05633809509635,175.37763380950966,0.5320277832135804
38.0,5.0,0.0,33.0,100.0,100.0,100.0,34.3313991495198,24.513531734000697,43.8,0.0,289.08,135.1589754828885,468.03897548288853,172.94789754828886,0.5342910679028408
38.0,4.0,2.0,32.0,100.0,100.0,100.0,34.33070416884542,24.513531734000697,35.04,17.52,280.32,135.0483380950964,467.92833809509636,172.93683380950964,0.5341647695149502
38.0,3.0,4.0,31.0,100.0,100.0,100.0,34.33070416884542,24.513531734000697,26.28,35.04,271.56,134.9283380950964,467.80833809509636,172.92483380950964,0.5340277832135804
37.0,5.0,1.0,31.0,100.0,100.0,100.0,34.3313991495198,24.513531734000697,43.8,8.76,271.56,143.60697548288852,467.7269754828885,172.91669754828885,0.5339349035192791
37.0,4.0,3.0,30.0,100.0,100.0,100.0,34.33070416884542,24.513531734000697,35.04,26.28,262.8,143.49633809509638,467.61633809509635,172.90563380950965,0.5338086051313885
36.0,6.0,0.0,30.0,100.0,100.0,100.0,34.33242691381077,24.513531734000697,52.56,0.0,262.8,152.16113038473242,467.52113038473243,172.89611303847323,0.5336999205305164
37.0,3.0,5.0,29.0,100.0,100.0,100.0,34.33070416884542,24.513531734000697,26.28,43.8,254.04,143.3763380950964,467.49633809509635,172.89363380950965,0.5336716188300187
36.0,5.0,2.0,29.0,100.0,100.0,100.0,34.3313991495198,24.513531734000697,43.8,17.52,254.04,152.0549754828885,467.4149754828885,172.88549754828884,0.5335787391357175
37.0,2.0,7.0,28.0,100.0,100.0,100.0,34.33070416884542,24.513531734000697,17.52,61.32,245.28,143.2563380950964,467.37633809509634,172.88163380950965,0.5335346325286489
36.0,4.0,4.0,28.0,100.0,100.0,100.0,34.33070416884542,24.513531734000697,35.04,35.04,245.28,151.94433809509638,467.30433809509634,172.87443380950964,0.5334524407478268
37.0,1.0,9.0,27.0,100.0,100.0,100.0,34.33070416884542,24.513531734000697,8.76,78.84,236.52,143.1363380950964,467.25633809509634,172.86963380950965,0.5333976462272789
35.0,6.0,1.0,28.0,100.0,100.0,100.0,34.33242691381077,24.513531734000697,52.56,8.76,245.28,160.60913038473242,467.2091303847324,172.86491303847325,0.5333437561469548
36.0,3.0,6.0,27.0,100.0,100.0,100.0,34.33070416884542,24.513531734000697,26.28,52.56,236.52,151.82433809509638,467.18433809509634,172.86243380950964,0.533315454446457
37.0,0.0,11.0,26.0,100.0,100.0,100.0,34.33070416884542,24.513531734000697,0.0,96.36,227.76,143.01633809509636,467.13633809509633,172.85763380950965,0.5332606599259091
35.0,5.0,3.0,27.0,100.0,100.0,100.0,34.3313991495198,24.513531734000697,43.8,26.28,236.52,160.50297548288847,467.1029754828885,172.85429754828886,0.5332225747521558
36.0,2.0,8.0,26.0,100.0,100.0,100.0,34.33070416884542,24.513531734000697,17.52,70.08,227.76,151.70433809509638,467.06433809509633,172.85043380950964,0.5331784681450872
35.0,4.0,5.0,26.0,100.0,100.0,100.0,34.330713606303576,24.513531734000697,35.04,43.8,227.76,160.39221095339508,466.99221095339504,172.84322109533952,0.5330961312253368
34.0,7.0,0.0,27.0,100.0,100.0,100.0,34.3343315078661,24.513531734000697,61.32,0.0,236.52,169.1514756312263,466.9914756312263,172.8431475631226,0.5330952918164684
36.0,1.0,10.0,25.0,100.0,100.0,100.0,34.33070416884542,24.513531734000697,8.76,87.6,219.0,151.5843380950964,466.9443380950963,172.83843380950964,0.5330414818437172
34.0,6.0,2.0,26.0,100.0,100.0,100.0,34.33242691381077,24.513531734000697,52.56,17.52,227.76,169.05713038473246,466.89713038473246,172.83371303847323,0.5329875917633933
35.0,3.0,7.0,25.0,100.0,100.0,100.0,34.33070416884542,24.513531734000697,26.28,61.32,219.0,160.2723380950964,466.8723380950963,172.83123380950965,0.5329592900628953
36.0,0.0,12.0,24.0,100.0,100.0,100.0,34.33070416884542,24.513531734000697,0.0,105.12,210.24,151.4643380950964,466.8243380950963,172.82643380950964,0.5329044955423474
34.0,5.0,4.0,25.0,100.0,100.0,100.0,34.3313991495198,24.513531734000697,43.8,35.04,219.0,168.9509754828885,466.79097548288854,172.82309754828884,0.5328664103685942
35.0,2.0,9.0,24.0,100.0,100.0,100.0,34.33070416884542,24.513531734000697,17.52,78.84,210.24,160.15233809509638,466.7523380950964,172.81923380950965,0.5328223037615255
34.0,4.0,6.0,24.0,100.0,100.0,100.0,34.330882110597784,24.513531734000697,35.04,52.56,210.24,168.8379408705762,466.6779408705762,172.81179408705765,0.5327373754230322
35.0,1.0,11.0,23.0,100.0,100.0,100.0,34.33070416884542,24.513531734000697,8.76,96.36,201.48,160.03233809509638,466.6323380950964,172.80723380950965,0.5326853174601557
33.0,6.0,3.0,24.0,100.0,100.0,100.0,34.33242691381077,24.513531734000697,52.56,26.28,210.24,177.50513038473244,466.5851303847325,172.80251303847325,0.5326314273798316
34.0,3.0,8.0,23.0,100.0,100.0,100.0,34.33070416884542,24.513531734000697,26.28,70.08,201.48,168.72033809509634,466.56033809509637,172.80003380950964,0.5326031256793338
35.0,0.0,13.0,22.0,100.0,100.0,100.0,34.33070416884542,24.513531734000697,0.0,113.88,192.72,159.91233809509637,466.51233809509637,172.79523380950965,0.5325483311587857
33.0,5.0,5.0,23.0,100.0,100.0,100.0,34.33155237752226,24.513531734000697,43.8,43.8,201.48,177.39691128315582,466.4769112831558,172.7916911283156,0.5325078895926436
34.0,2.0,10.0,22.0,100.0,100.0,100.0,34.33070416884542,24.513531734000697,17.52,87.6,192.72,168.6003380950964,466.44033809509637,172.78803380950964,0.5324661393779638
33.0,4.0,7.0,22.0,100.0,100.0,100.0,34.33105128364151,24.513531734000697,35.04,61.32,192.72,177.28366180080874,466.36366180080876,172.78036618008088,0.5323786093616538
34.0,1.0,12.0,21.0,100.0,100.0,100.0,34.33070416884542,24.513531734000697,8.76,105.12,183.96,168.48033809509639,466.32033809509636,172.77603380950964,0.532329153076594
33.0,3.0,9.0,21.0,100.0,100.0,100.0,34.33070416884542,24.513531734000697,26.28,78.84,183.96,177.16833809509637,466.24833809509636,172.76883380950966,0.5322469612957721
34.0,0.0,14.0,20.0,100.0,100.0,100.0,34.33070416884542,24.513531734000697,0.0,122.64,175.2,168.36033809509638,466.20033809509636,172.76403380950964,0.5321921667752242
33.0,2.0,11.0,20.0,100.0,100.0,100.0,34.33070416884542,24.513531734000697,17.52,96.36,175.2,177.04833809509634,466.12833809509635,172.75683380950966,0.5321099749944023
33.0,1.0,13.0,19.0,100.0,100.0,100.0,34.33070416884542,24.513531734000697,8.76,113.88,166.44,176.9283380950964,466.00833809509635,172.74483380950966,0.5319729886930323
33.0,0.0,15.0,18.0,100.0,100.0,100.0,34.33070416884542,24.513531734000697,0.0,131.4,157.68,176.80833809509636,465.88833809509634,172.73283380950966,0.5318360023916625
38.0,4.0,1.0,33.0,100.0,100.0,100.0,34.33070416884542,24.513531734000697,35.04,8.76,289.08,135.19233809509637,468.07233809509637,170.32323380950965,0.534329153076594
38.0,3.0,3.0,32.0,100.0,100.0,100.0,34.33070416884542,24.513531734000697,26.28,26.28,280.32,135.0723380950964,467.95233809509637,170.31123380950964,0.5341921667752242
37.0,5.0,0.0,32.0,100.0,100.0,100.0,34.3313991495198,24.513531734000697,43.8,0.0,280.32,143.7509754828885,467.8709754828885,170.30309754828886,0.5340992870809229
38.0,2.0,5.0,31.0,100.0,100.0,100.0,34.33070416884542,24.513531734000697,17.52,43.8,271.56,134.9523380950964,467.83233809509636,170.29923380950964,0.5340551804738543
37.0,4.0,2.0,31.0,100.0,100.0,100.0,34.33070416884542,24.513531734000697,35.04,17.52,271.56,143.64033809509638,467.76033809509636,170.29203380950966,0.5339729886930323
37.0,3.0,4.0,30.0,100.0,100.0,100.0,34.33070416884542,24.513531734000697,26.28,35.04,262.8,143.52033809509638,467.64033809509635,170.28003380950966,0.5338360023916625
36.0,5.0,1.0,30.0,100.0,100.0,100.0,34.3313991495198,24.513531734000697,43.8,8.76,262.8,152.19897548288847,467.5589754828885,170.27189754828885,0.5337431226973613
37.0,2.0,6.0,29.0,100.0,100.0,100.0,34.33070416884542,24.513531734000697,17.52,52.56,254.04,143.40033809509637,467.52033809509635,170.26803380950966,0.5336990160902927
36.0,4.0,3.0,29.0,100.0,100.0,100.0,34.33070416884542,24.513531734000697,35.04,26.28,254.04,152.0883380950964,467.44833809509635,170.26083380950965,0.5336168243094708
37.0,1.0,8.0,28.0,100.0,100.0,100.0,34.33070416884542,24.513531734000697,8.76,70.08,245.28,143.2803380950964,467.40033809509634,170.25603380950966,0.5335620297889228
35.0,6.0,0.0,29.0,100.0,100.0,100.0,34.33242691381077,24.513531734000697,52.56,0.0,254.04,160.75313038473243,467.3531303847324,170.25131303847323,0.5335081397085987
36.0,3.0,5.0,28.0,100.0,100.0,100.0,34.33070416884542,24.513531734000697,26.28,43.8,245.28,151.96833809509639,467.32833809509634,170.24883380950965,0.5334798380081008
37.0,0.0,10.0,27.0,100.0,100.0,100.0,34.33070416884542,24.513531734000697,0.0,87.6,236.52,143.1603380950964,467.28033809509634,170.24403380950966,0.5334250434875529
35.0,5.0,2.0,28.0,100.0,100.0,100.0,34.3313991495198,24.513531734000697,43.8,17.52,245.28,160.64697548288848,467.2469754828885,170.24069754828886,0.5333869583137997
36.0,2.0,7.0,27.0,100.0,100.0,100.0,34.33070416884542,24.513531734000697,17.52,61.32,236.52,151.84833809509638,467.20833809509634,170.23683380950965,0.533342851706731
35.0,4.0,4.0,27.0,100.0,100.0,100.0,34.33070416884542,24.513531734000697,35.04,35.04,236.52,160.5363380950964,467.13633809509633,170.22963380950964,0.5332606599259091
36.0,1.0,9.0,26.0,100.0,100.0,100.0,34.33070416884542,24.513531734000697,8.76,78.84,227.76,151.72833809509638,467.08833809509633,170.22483380950965,0.5332058654053611
34.0,6.0,1.0,27.0,100.0,100.0,100.0,34.33242691381077,24.513531734000697,52.56,8.76,236.52,169.20113038473244,467.04113038473247,170.22011303847324,0.5331519753250371
35.0,3.0,6.0,26.0,100.0,100.0,100.0,34.33070416884542,24.513531734000697,26.28,52.56,227.76,160.4163380950964,467.01633809509633,170.21763380950966,0.5331236736245392
36.0,0.0,11.0,25.0,100.0,100.0,100.0,34.33070416884542,24.513531734000697,0.0,96.36,219.0,151.6083380950964,466.9683380950963,170.21283380950965,0.5330688791039913
34.0,5.0,3.0,26.0,100.0,100.0,100.0,34.3313991495198,24.513531734000697,43.8,26.28,227.76,169.09497548288851,466.93497548288855,170.20949754828885,0.533030793930238
35.0,2.0,8.0,25.0,100.0,100.0,100.0,34.33070416884542,24.513531734000697,17.52,70.08,219.0,160.2963380950964,466.8963380950963,170.20563380950966,0.5329866873231693
34.0,4.0,5.0,25.0,100.0,100.0,100.0,34.330713606303576,24.513531734000697,35.04,43.8,219.0,168.98421095339506,466.8242109533951,170.1984210953395,0.532904350403419
33.0,7.0,0.0,26.0,100.0,100.0,100.0,34.3343315078661,24.513531734000697,61.32,0.0,227.76,177.7434756312263,466.8234756312263,170.1983475631226,0.5329035109945506
35.0,1.0,10.0,24.0,100.0,100.0,100.0,34.33070416884542,24.513531734000697,8.76,87.6,210.24,160.17633809509638,466.7763380950964,170.19363380950966,0.5328497010217995
33.0,6.0,2.0,25.0,100.0,100.0,100.0,34.33242691381077,24.513531734000697,52.56,17.52,219.0,177.64913038473244,466.72913038473246,170.18891303847323,0.5327958109414754
34.0,3.0,7.0,24.0,100.0,100.0,100.0,34.33070416884542,24.513531734000697,26.28,61.32,210.24,168.8643380950964,466.7043380950964,170.18643380950965,0.5327675092409776
35.0,0.0,12.0,23.0,100.0,100.0,100.0,34.33070416884542,24.513531734000697,0.0,105.12,201.48,160.05633809509638,466.6563380950964,170.18163380950966,0.5327127147204296
33.0,5.0,4.0,24.0,100.0,100.0,100.0,34.3313991495198,24.513531734000697,43.8,35.04,210.24,177.54297548288852,466.62297548288853,170.17829754828884,0.5326746295466764
34.0,2.0,9.0,23.0,100.0,100.0,100.0,34.33070416884542,24.513531734000697,17.52,78.84,201.48,168.7443380950964,466.58433809509637,170.17443380950965,0.5326305229396077
33.0,4.0,6.0,23.0,100.0,100.0,100.0,34.330882110597784,24.513531734000697,35.04,52.56,201.48,177.4299408705762,466.5099408705762,170.16699408705765,0.5325455946011144
34.0,1.0,11.0,22.0,100.0,100.0,100.0,34.33070416884542,24.513531734000697,8.76,96.36,192.72,168.6243380950964,466.46433809509637,170.16243380950965,0.5324935366382378
33.0,3.0,8.0,22.0,100.0,100.0,100.0,34.33070416884542,24.513531734000697,26.28,70.08,192.72,177.31233809509638,466.39233809509636,170.15523380950964,0.5324113448574159
34.0,0.0,13.0,21.0,100.0,100.0,100.0,34.33070416884542,24.513531734000697,0.0,113.88,183.96,168.5043380950964,466.34433809509636,170.15043380950965,0.532356550336868
33.0,2.0,10.0,21.0,100.0,100.0,100.0,34.33070416884542,24.513531734000697,17.52,87.6,183.96,177.19233809509637,466.27233809509636,170.14323380950964,0.5322743585560461
33.0,1.0,12.0,20.0,100.0,100.0,100.0,34.33070416884542,24.513531734000697,8.76,105.12,175.2,177.0723380950964,466.15233809509635,170.13123380950964,0.5321373722546762
33.0,0.0,14.0,19.0,100.0,100.0,100.0,34.33070416884542,24.513531734000697,0.0,122.64,166.44,176.9523380950964,466.03233809509635,170.11923380950964,0.5320003859533063
38.0,4.0,0.0,34.0,100.0,100.0,100.0,34.33070416884542,24.513531734000697,35.04,0.0,297.84,135.33633809509638,468.2163380950964,167.70963380950965,0.5344935366382378
38.0,3.0,2.0,33.0,100.0,100.0,100.0,34.33070416884542,24.513531734000697,26.28,17.52,289.08,135.21633809509638,468.09633809509637,167.69763380950965,0.534356550336868
38.0,2.0,4.0,32.0,100.0,100.0,100.0,34.33070416884542,24.513531734000697,17.52,35.04,280.32,135.0963380950964,467.97633809509637,167.68563380950965,0.5342195640354981
37.0,4.0,1.0,32.0,100.0,100.0,100.0,34.33070416884542,24.513531734000697,35.04,8.76,280.32,143.7843380950964,467.90433809509636,167.67843380950964,0.5341373722546762
38.0,1.0,6.0,31.0,100.0,100.0,100.0,34.33070416884542,24.513531734000697,8.76,52.56,271.56,134.97633809509637,467.85633809509636,167.67363380950962,0.5340825777341283
37.0,3.0,3.0,31.0,100.0,100.0,100.0,34.33070416884542,24.513531734000697,26.28,26.28,271.56,143.66433809509638,467.78433809509636,167.66643380950964,0.5340003859533063
36.0,5.0,0.0,31.0,100.0,100.0,100.0,34.3313991495198,24.513531734000697,43.8,0.0,271.56,152.34297548288848,467.7029754828885,167.65829754828886,0.5339075062590052
37.0,2.0,5.0,30.0,100.0,100.0,100.0,34.33070416884542,24.513531734000697,17.52,43.8,262.8,143.54433809509638,467.66433809509635,167.65443380950964,0.5338633996519365
36.0,4.0,2.0,30.0,100.0,100.0,100.0,34.33070416884542,24.513531734000697,35.04,17.52,262.8,152.23233809509637,467.59233809509635,167.64723380950963,0.5337812078711146
37.0,1.0,7.0,29.0,100.0,100.0,100.0,34.33070416884542,24.513531734000697,8.76,61.32,254.04,143.42433809509637,467.54433809509635,167.64243380950964,0.5337264133505666
36.0,3.0,4.0,29.0,100.0,100.0,100.0,34.33070416884542,24.513531734000697,26.28,35.04,254.04,152.1123380950964,467.47233809509635,167.63523380950966,0.5336442215697447
37.0,0.0,9.0,28.0,100.0,100.0,100.0,34.33070416884542,24.513531734000697,0.0,78.84,245.28,143.3043380950964,467.42433809509635,167.63043380950964,0.5335894270491968
35.0,5.0,1.0,29.0,100.0,100.0,100.0,34.3313991495198,24.513531734000697,43.8,8.76,254.04,160.79097548288848,467.3909754828885,167.62709754828884,0.5335513418754435
36.0,2.0,6.0,28.0,100.0,100.0,100.0,34.33070416884542,24.513531734000697,17.52,52.56,245.28,151.9923380950964,467.35233809509634,167.62323380950966,0.5335072352683748
35.0,4.0,3.0,28.0,100.0,100.0,100.0,34.33070416884542,24.513531734000697,35.04,26.28,245.28,160.68033809509637,467.28033809509634,167.61603380950964,0.5334250434875529
36.0,1.0,8.0,27.0,100.0,100.0,100.0,34.33070416884542,24.513531734000697,8.76,70.08,236.52,151.87233809509638,467.23233809509634,167.61123380950966,0.5333702489670049
34.0,6.0,0.0,28.0,100.0,100.0,100.0,34.33242691381077,24.513531734000697,52.56,0.0,245.28,169.34513038473244,467.1851303847325,167.60651303847325,0.5333163588866809
35.0,3.0,5.0,27.0,100.0,100.0,100.0,34.33070416884542,24.513531734000697,26.28,43.8,236.52,160.5603380950964,467.16033809509634,167.60403380950964,0.533288057186183
36.0,0.0,10.0,26.0,100.0,100.0,100.0,34.33070416884542,24.513531734000697,0.0,87.6,227.76,151.75233809509638,467.11233809509633,167.59923380950966,0.5332332626656351
34.0,5.0,2.0,27.0,100.0,100.0,100.0,34.3313991495198,24.513531734000697,43.8,17.52,236.52,169.2389754828885,467.0789754828885,167.59589754828886,0.5331951774918818
35.0,2.0,7.0,26.0,100.0,100.0,100.0,34.33070416884542,24.513531734000697,17.52,61.32,227.76,160.4403380950964,467.04033809509633,167.59203380950964,0.5331510708848132
34.0,4.0,4.0,26.0,100.0,100.0,100.0,34.33070416884542,24.513531734000697,35.04,35.04,227.76,169.12833809509635,466.9683380950963,167.58483380950963,0.5330688791039913
35.0,1.0,9.0,25.0,100.0,100.0,100.0,34.33070416884542,24.513531734000697,8.76,78.84,219.0,160.3203380950964,466.9203380950963,167.58003380950964,0.5330140845834433
33.0,6.0,1.0,26.0,100.0,100.0,100.0,34.33242691381077,24.513531734000697,52.56,8.76,227.76,177.79313038473245,466.87313038473246,167.57531303847324,0.5329601945031193
34.0,3.0,6.0,25.0,100.0,100.0,100.0,34.33070416884542,24.513531734000697,26.28,52.56,219.0,169.00833809509635,466.8483380950963,167.57283380950963,0.5329318928026214
35.0,0.0,11.0,24.0,100.0,100.0,100.0,34.33070416884542,24.513531734000697,0.0,96.36,210.24,160.20033809509638,466.8003380950963,167.56803380950964,0.5328770982820734
33.0,5.0,3.0,25.0,100.0,100.0,100.0,34.3313991495198,24.513531734000697,43.8,26.28,219.0,177.68697548288847,466.76697548288854,167.56469754828885,0.5328390131083203
34.0,2.0,8.0,24.0,100.0,100.0,100.0,34.33070416884542,24.513531734000697,17.52,70.08,210.24,168.8883380950964,466.7283380950964,167.56083380950966,0.5327949065012515
33.0,4.0,5.0,24.0,100.0,100.0,100.0,34.330713606303576,24.513531734000697,35.04,43.8,210.24,177.57621095339502,466.6562109533951,167.5536210953395,0.5327125695815013
34.0,1.0,10.0,23.0,100.0,100.0,100.0,34.33070416884542,24.513531734000697,8.76,87.6,201.48,168.7683380950964,466.60833809509637,167.54883380950966,0.5326579201998817
33.0,3.0,7.0,23.0,100.0,100.0,100.0,34.33070416884542,24.513531734000697,26.28,61.32,201.48,177.45633809509638,466.53633809509637,167.54163380950965,0.5325757284190598
34.0,0.0,12.0,22.0,100.0,100.0,100.0,34.33070416884542,24.513531734000697,0.0,105.12,192.72,168.6483380950964,466.48833809509637,167.53683380950966,0.5325209338985119
33.0,2.0,9.0,22.0,100.0,100.0,100.0,34.33070416884542,24.513531734000697,17.52,78.84,192.72,177.33633809509635,466.41633809509636,167.52963380950962,0.5324387421176899
33.0,1.0,11.0,21.0,100.0,100.0,100.0,34.33070416884542,24.513531734000697,8.76,96.36,183.96,177.21633809509635,466.29633809509636,167.51763380950962,0.53230175581632
33.0,0.0,13.0,20.0,100.0,100.0,100.0,34.33070416884542,24.513531734000697,0.0,113.88,175.2,177.09633809509634,466.17633809509636,167.50563380950962,0.5321647695149502
38.0,3.0,1.0,34.0,100.0,100.0,100.0,34.33070416884542,24.513531734000697,26.28,8.76,297.84,135.36033809509638,468.2403380950964,165.08403380950966,0.5345209338985119
38.0,2.0,3.0,33.0,100.0,100.0,100.0,34.33070416884542,24.513531734000697,17.52,26.28,289.08,135.24033809509638,468.1203380950964,165.07203380950966,0.5343839475971419
37.0,4.0,0.0,33.0,100.0,100.0,100.0,34.33070416884542,24.513531734000697,35.04,0.0,289.08,143.9283380950964,468.04833809509637,165.06483380950965,0.53430175581632
38.0,1.0,5.0,32.0,100.0,100.0,100.0,34.33070416884542,24.513531734000697,8.76,43.8,280.32,135.1203380950964,468.00033809509637,165.06003380950966,0.5342469612957721
37.0,3.0,2.0,32.0,100.0,100.0,100.0,34.33070416884542,24.513531734000697,26.28,17.52,280.32,143.8083380950964,467.92833809509636,165.05283380950965,0.5341647695149502
38.0,0.0,7.0,31.0,100.0,100.0,100.0,34.33070416884542,24.513531734000697,0.0,61.32,271.56,135.0003380950964,467.88033809509636,165.04803380950966,0.5341099749944023
37.0,2.0,4.0,31.0,100.0,100.0,100.0,34.33070416884542,24.513531734000697,17.52,35.04,271.56,143.68833809509638,467.80833809509636,165.04083380950965,0.5340277832135804
36.0,4.0,1.0,31.0,100.0,100.0,100.0,34.33070416884542,24.513531734000697,35.04,8.76,271.56,152.3763380950964,467.73633809509636,165.03363380950964,0.5339455914327584
37.0,1.0,6.0,30.0,100.0,100.0,100.0,34.33070416884542,24.513531734000697,8.76,52.56,262.8,143.56833809509638,467.68833809509636,165.02883380950965,0.5338907969122104
36.0,3.0,3.0,30.0,100.0,100.0,100.0,34.33070416884542,24.513531734000697,26.28,26.28,262.8,152.2563380950964,467.61633809509635,165.02163380950964,0.5338086051313885
37.0,0.0,8.0,29.0,100.0,100.0,100.0,34.33070416884542,24.513531734000697,0.0,70.08,254.04,143.44833809509637,467.56833809509635,165.01683380950965,0.5337538106108406
35.0,5.0,0.0,30.0,100.0,100.0,100.0,34.3313991495198,24.513531734000697,43.8,0.0,262.8,160.9349754828885,467.5349754828885,165.01349754828885,0.5337157254370873
36.0,2.0,5.0,29.0,100.0,100.0,100.0,34.33070416884542,24.513531734000697,17.52,43.8,254.04,152.13633809509636,467.49633809509635,165.00963380950964,0.5336716188300187
35.0,4.0,2.0,29.0,100.0,100.0,100.0,34.33070416884542,24.513531734000697,35.04,17.52,254.04,160.82433809509638,467.42433809509635,165.00243380950965,0.5335894270491968
36.0,1.0,7.0,28.0,100.0,100.0,100.0,34.33070416884542,24.513531734000697,8.76,61.32,245.28,152.0163380950964,467.37633809509634,164.99763380950964,0.5335346325286489
35.0,3.0,4.0,28.0,100.0,100.0,100.0,34.33070416884542,24.513531734000697,26.28,35.04,245.28,160.70433809509638,467.30433809509634,164.99043380950965,0.5334524407478268
36.0,0.0,9.0,27.0,100.0,100.0,100.0,34.33070416884542,24.513531734000697,0.0,78.84,236.52,151.89633809509638,467.25633809509634,164.98563380950964,0.5333976462272789
34.0,5.0,1.0,28.0,100.0,100.0,100.0,34.3313991495198,24.513531734000697,43.8,8.76,245.28,169.38297548288847,467.2229754828885,164.98229754828884,0.5333595610535257
35.0,2.0,6.0,27.0,100.0,100.0,100.0,34.33070416884542,24.513531734000697,17.52,52.56,236.52,160.5843380950964,467.18433809509634,164.97843380950965,0.533315454446457
34.0,4.0,3.0,27.0,100.0,100.0,100.0,34.33070416884542,24.513531734000697,35.04,26.28,236.52,169.27233809509636,467.11233809509633,164.97123380950964,0.5332332626656351
35.0,1.0,8.0,26.0,100.0,100.0,100.0,34.33070416884542,24.513531734000697,8.76,70.08,227.76,160.4643380950964,467.06433809509633,164.96643380950965,0.5331784681450872
33.0,6.0,0.0,27.0,100.0,100.0,100.0,34.33242691381077,24.513531734000697,52.56,0.0,236.52,177.93713038473246,467.01713038473247,164.96171303847325,0.5331245780647631
34.0,3.0,5.0,26.0,100.0,100.0,100.0,34.33070416884542,24.513531734000697,26.28,43.8,227.76,169.15233809509635,466.99233809509633,164.95923380950964,0.5330962763642653
35.0,0.0,10.0,25.0,100.0,100.0,100.0,34.33070416884542,24.513531734000697,0.0,87.6,219.0,160.3443380950964,466.9443380950963,164.95443380950965,0.5330414818437172
33.0,5.0,2.0,26.0,100.0,100.0,100.0,34.3313991495198,24.513531734000697,43.8,17.52,227.76,177.83097548288853,466.91097548288855,164.95109754828886,0.5330033966699641
34.0,2.0,7.0,25.0,100.0,100.0,100.0,34.33070416884542,24.513531734000697,17.52,61.32,219.0,169.03233809509635,466.8723380950963,164.94723380950964,0.5329592900628953
33.0,4.0,4.0,25.0,100.0,100.0,100.0,34.33070416884542,24.513531734000697,35.04,35.04,219.0,177.7203380950964,466.8003380950963,164.94003380950966,0.5328770982820734
34.0,1.0,9.0,24.0,100.0,100.0,100.0,34.33070416884542,24.513531734000697,8.76,78.84,210.24,168.91233809509637,466.7523380950964,164.93523380950964,0.5328223037615255
33.0,3.0,6.0,24.0,100.0,100.0,100.0,34.33070416884542,24.513531734000697,26.28,52.56,210.24,177.6003380950964,466.6803380950964,164.92803380950966,0.5327401119807036
34.0,0.0,11.0,23.0,100.0,100.0,100.0,34.33070416884542,24.513531734000697,0.0,96.36,201.48,168.79233809509634,466.6323380950964,164.92323380950964,0.5326853174601557
33.0,2.0,8.0,23.0,100.0,100.0,100.0,34.33070416884542,24.513531734000697,17.52,70.08,201.48,177.48033809509639,466.56033809509637,164.91603380950966,0.5326031256793338
33.0,1.0,10.0,22.0,100.0,100.0,100.0,34.33070416884542,24.513531734000697,8.76,87.6,192.72,177.36033809509638,466.44033809509637,164.90403380950966,0.5324661393779638
33.0,0.0,12.0,21.0,100.0,100.0,100.0,34.33070416884542,24.513531734000697,0.0,105.12,183.96,177.24033809509638,466.32033809509636,164.89203380950966,0.532329153076594
38.0,3.0,0.0,35.0,100.0,100.0,100.0,34.33070416884542,24.513531734000697,26.28,0.0,306.6,135.5043380950964,468.3843380950963,162.47043380950964,0.5346853174601557
38.0,2.0,2.0,34.0,100.0,100.0,100.0,34.33070416884542,24.513531734000697,17.52,17.52,297.84,135.38433809509638,468.2643380950964,162.45843380950964,0.5345483311587858
38.0,1.0,4.0,33.0,100.0,100.0,100.0,34.33070416884542,24.513531734000697,8.76,35.04,289.08,135.26433809509638,468.1443380950964,162.44643380950964,0.5344113448574159
37.0,3.0,1.0,33.0,100.0,100.0,100.0,34.33070416884542,24.513531734000697,26.28,8.76,289.08,143.9523380950964,468.07233809509637,162.43923380950966,0.534329153076594
38.0,0.0,6.0,32.0,100.0,100.0,100.0,34.33070416884542,24.513531734000697,0.0,52.56,280.32,135.14433809509637,468.02433809509637,162.43443380950964,0.5342743585560461
37.0,2.0,3.0,32.0,100.0,100.0,100.0,34.33070416884542,24.513531734000697,17.52,26.28,280.32,143.8323380950964,467.95233809509637,162.42723380950966,0.5341921667752242
36.0,4.0,0.0,32.0,100.0,100.0,100.0,34.33070416884542,24.513531734000697,35.04,0.0,280.32,152.52033809509638,467.88033809509636,162.42003380950965,0.5341099749944023
37.0,1.0,5.0,31.0,100.0,100.0,100.0,34.33070416884542,24.513531734000697,8.76,43.8,271.56,143.71233809509638,467.83233809509636,162.41523380950966,0.5340551804738543
36.0,3.0,2.0,31.0,100.0,100.0,100.0,34.33070416884542,24.513531734000697,26.28,17.52,271.56,152.40033809509637,467.76033809509636,162.40803380950965,0.5339729886930323
37.0,0.0,7.0,30.0,100.0,100.0,100.0,34.33070416884542,24.513531734000697,0.0,61.32,262.8,143.59233809509638,467.71233809509636,162.40323380950966,0.5339181941724844
36.0,2.0,4.0,30.0,100.0,100.0,100.0,34.33070416884542,24.513531734000697,17.52,35.04,262.8,152.28033809509637,467.64033809509635,162.39603380950962,0.5338360023916625
35.0,4.0,1.0,30.0,100.0,100.0,100.0,34.33070416884542,24.513531734000697,35.04,8.76,262.8,160.96833809509639,467.56833809509635,162.38883380950966,0.5337538106108406
36.0,1.0,6.0,29.0,100.0,100.0,100.0,34.33070416884542,24.513531734000697,8.76,52.56,254.04,152.1603380950964,467.52033809509635,162.38403380950965,0.5336990160902927
35.0,3.0,3.0,29.0,100.0,100.0,100.0,34.33070416884542,24.513531734000697,26.28,26.28,254.04,160.84833809509638,467.44833809509635,162.37683380950966,0.5336168243094708
36.0,0.0,8.0,28.0,100.0,100.0,100.0,34.33070416884542,24.513531734000697,0.0,70.08,245.28,152.0403380950964,467.40033809509634,162.37203380950965,0.5335620297889228
34.0,5.0,0.0,29.0,100.0,100.0,100.0,34.3313991495198,24.513531734000697,43.8,0.0,254.04,169.52697548288847,467.3669754828885,162.36869754828885,0.5335239446151695
35.0,2.0,5.0,28.0,100.0,100.0,100.0,34.33070416884542,24.513531734000697,17.52,43.8,245.28,160.72833809509638,467.32833809509634,162.36483380950966,0.5334798380081008
34.0,4.0,2.0,28.0,100.0,100.0,100.0,34.33070416884542,24.513531734000697,35.04,17.52,245.28,169.4163380950964,467.25633809509634,162.35763380950965,0.5333976462272789
35.0,1.0,7.0,27.0,100.0,100.0,100.0,34.33070416884542,24.513531734000697,8.76,61.32,236.52,160.6083380950964,467.20833809509634,162.35283380950966,0.533342851706731
34.0,3.0,4.0,27.0,100.0,100.0,100.0,34.33070416884542,24.513531734000697,26.28,35.04,236.52,169.29633809509636,467.13633809509633,162.34563380950962,0.5332606599259091
35.0,0.0,9.0,26.0,100.0,100.0,100.0,34.33070416884542,24.513531734000697,0.0,78.84,227.76,160.48833809509637,467.08833809509633,162.34083380950963,0.5332058654053611
33.0,5.0,1.0,27.0,100.0,100.0,100.0,34.3313991495198,24.513531734000697,43.8,8.76,236.52,177.97497548288848,467.0549754828885,162.33749754828887,0.5331677802316079
34.0,2.0,6.0,26.0,100.0,100.0,100.0,34.33070416884542,24.513531734000697,17.52,52.56,227.76,169.17633809509636,467.01633809509633,162.33363380950962,0.5331236736245392
33.0,4.0,3.0,26.0,100.0,100.0,100.0,34.33070416884542,24.513531734000697,35.04,26.28,227.76,177.8643380950964,466.9443380950963,162.32643380950964,0.5330414818437172
34.0,1.0,8.0,25.0,100.0,100.0,100.0,34.33070416884542,24.513531734000697,8.76,70.08,219.0,169.05633809509635,466.8963380950963,162.32163380950962,0.5329866873231693
33.0,3.0,5.0,25.0,100.0,100.0,100.0,34.33070416884542,24.513531734000697,26.28,43.8,219.0,177.74433809509634,466.8243380950963,162.31443380950964,0.5329044955423474
34.0,0.0,10.0,24.0,100.0,100.0,100.0,34.33070416884542,24.513531734000697,0.0,87.6,210.24,168.93633809509637,466.7763380950964,162.30963380950965,0.5328497010217995
33.0,2.0,7.0,24.0,100.0,100.0,100.0,34.33070416884542,24.513531734000697,17.52,61.32,210.24,177.6243380950964,466.7043380950964,162.30243380950964,0.5327675092409776
33.0,1.0,9.0,23.0,100.0,100.0,100.0,34.33070416884542,24.513531734000697,8.76,78.84,201.48,177.50433809509636,466.58433809509637,162.29043380950964,0.5326305229396077
33.0,0.0,11.0,22.0,100.0,100.0,100.0,34.33070416884542,24.513531734000697,0.0,96.36,192.72,177.38433809509635,466.46433809509637,162.27843380950964,0.5324935366382378
39.0,2.0,0.0,37.0,100.0,100.0,100.0,34.33070416884542,24.513531734000697,17.52,0.0,324.12,127.08033809509638,468.72033809509634,159.87603380950964,0.5350688791039913
38.0,2.0,1.0,35.0,100.0,100.0,100.0,34.33070416884542,24.513531734000697,17.52,8.76,306.6,135.5283380950964,468.4083380950963,159.84483380950965,0.5347127147204296
38.0,1.0,3.0,34.0,100.0,100.0,100.0,34.33070416884542,24.513531734000697,8.76,26.28,297.84,135.40833809509638,468.2883380950963,159.83283380950965,0.5345757284190598
37.0,3.0,0.0,34.0,100.0,100.0,100.0,34.33070416884542,24.513531734000697,26.28,0.0,297.84,144.0963380950964,468.2163380950964,159.82563380950964,0.5344935366382378
38.0,0.0,5.0,33.0,100.0,100.0,100.0,34.33070416884542,24.513531734000697,0.0,43.8,289.08,135.28833809509638,468.1683380950964,159.82083380950965,0.5344387421176899
37.0,2.0,2.0,33.0,100.0,100.0,100.0,34.33070416884542,24.513531734000697,17.52,17.52,289.08,143.9763380950964,468.09633809509637,159.81363380950964,0.534356550336868
37.0,1.0,4.0,32.0,100.0,100.0,100.0,34.33070416884542,24.513531734000697,8.76,35.04,280.32,143.8563380950964,467.97633809509637,159.80163380950964,0.5342195640354981
36.0,3.0,1.0,32.0,100.0,100.0,100.0,34.33070416884542,24.513531734000697,26.28,8.76,280.32,152.54433809509638,467.90433809509636,159.79443380950966,0.5341373722546762
37.0,0.0,6.0,31.0,100.0,100.0,100.0,34.33070416884542,24.513531734000697,0.0,52.56,271.56,143.73633809509636,467.85633809509636,159.78963380950964,0.5340825777341283
36.0,2.0,3.0,31.0,100.0,100.0,100.0,34.33070416884542,24.513531734000697,17.52,26.28,271.56,152.42433809509637,467.78433809509636,159.78243380950966,0.5340003859533063
35.0,4.0,0.0,31.0,100.0,100.0,100.0,34.33070416884542,24.513531734000697,35.04,0.0,271.56,161.1123380950964,467.71233809509636,159.77523380950964,0.5339181941724844
36.0,1.0,5.0,30.0,100.0,100.0,100.0,34.33070416884542,24.513531734000697,8.76,43.8,262.8,152.3043380950964,467.66433809509635,159.77043380950965,0.5338633996519365
35.0,3.0,2.0,30.0,100.0,100.0,100.0,34.33070416884542,24.513531734000697,26.28,17.52,262.8,160.9923380950964,467.59233809509635,159.76323380950964,0.5337812078711146
36.0,0.0,7.0,29.0,100.0,100.0,100.0,34.33070416884542,24.513531734000697,0.0,61.32,254.04,152.18433809509636,467.54433809509635,159.75843380950963,0.5337264133505666
35.0,2.0,4.0,29.0,100.0,100.0,100.0,34.33070416884542,24.513531734000697,17.52,35.04,254.04,160.87233809509638,467.47233809509635,159.75123380950964,0.5336442215697447
34.0,4.0,1.0,29.0,100.0,100.0,100.0,34.33070416884542,24.513531734000697,35.04,8.76,254.04,169.5603380950964,467.40033809509634,159.74403380950966,0.5335620297889228
35.0,1.0,6.0,28.0,100.0,100.0,100.0,34.33070416884542,24.513531734000697,8.76,52.56,245.28,160.75233809509638,467.35233809509634,159.73923380950964,0.5335072352683748
34.0,3.0,3.0,28.0,100.0,100.0,100.0,34.33070416884542,24.513531734000697,26.28,26.28,245.28,169.4403380950964,467.28033809509634,159.73203380950966,0.5334250434875529
35.0,0.0,8.0,27.0,100.0,100.0,100.0,34.33070416884542,24.513531734000697,0.0,70.08,236.52,160.6323380950964,467.23233809509634,159.72723380950964,0.5333702489670049
33.0,5.0,0.0,28.0,100.0,100.0,100.0,34.3313991495198,24.513531734000697,43.8,0.0,245.28,178.11897548288852,467.1989754828885,159.72389754828885,0.5333321637932518
34.0,2.0,5.0,27.0,100.0,100.0,100.0,34.33070416884542,24.513531734000697,17.52,43.8,236.52,169.32033809509636,467.16033809509634,159.72003380950963,0.533288057186183
33.0,4.0,2.0,27.0,100.0,100.0,100.0,34.33070416884542,24.513531734000697,35.04,17.52,236.52,178.00833809509638,467.08833809509633,159.71283380950965,0.5332058654053611
34.0,1.0,7.0,26.0,100.0,100.0,100.0,34.33070416884542,24.513531734000697,8.76,61.32,227.76,169.2003380950964,467.04033809509644,159.70803380950966,0.5331510708848133
33.0,3.0,4.0,26.0,100.0,100.0,100.0,34.33070416884542,24.513531734000697,26.28,35.04,227.76,177.8883380950964,466.9683380950963,159.70083380950965,0.5330688791039913
34.0,0.0,9.0,25.0,100.0,100.0,100.0,34.33070416884542,24.513531734000697,0.0,78.84,219.0,169.08033809509635,466.9203380950963,159.69603380950963,0.5330140845834433
33.0,2.0,6.0,25.0,100.0,100.0,100.0,34.33070416884542,24.513531734000697,17.52,52.56,219.0,177.7683380950964,466.8483380950963,159.68883380950965,0.5329318928026214
33.0,1.0,8.0,24.0,100.0,100.0,100.0,34.33070416884542,24.513531734000697,8.76,70.08,210.24,177.6483380950964,466.7283380950964,159.67683380950965,0.5327949065012515
33.0,0.0,10.0,23.0,100.0,100.0,100.0,34.33070416884542,24.513531734000697,0.0,87.6,201.48,177.52833809509636,466.60833809509637,159.66483380950964,0.5326579201998817
39.0,1.0,1.0,37.0,100.0,100.0,100.0,34.33070416884542,24.513531734000697,8.76,8.76,324.12,127.10433809509638,468.74433809509634,157.25043380950964,0.5350962763642653
38.0,2.0,0.0,36.0,100.0,100.0,100.0,34.33070416884542,24.513531734000697,17.52,0.0,315.36,135.6723380950964,468.55233809509633,157.23123380950966,0.5348770982820734
38.0,1.0,2.0,35.0,100.0,100.0,100.0,34.33070416884542,24.513531734000697,8.76,17.52,306.6,135.5523380950964,468.4323380950963,157.21923380950966,0.5347401119807036
38.0,0.0,4.0,34.0,100.0,100.0,100.0,34.33070416884542,24.513531734000697,0.0,35.04,297.84,135.43233809509638,468.3123380950963,157.20723380950966,0.5346031256793338
37.0,2.0,1.0,34.0,100.0,100.0,100.0,34.33070416884542,24.513531734000697,17.52,8.76,297.84,144.12033809509637,468.2403380950964,157.20003380950962,0.5345209338985119
37.0,1.0,3.0,33.0,100.0,100.0,100.0,34.33070416884542,24.513531734000697,8.76,26.28,289.08,144.0003380950964,468.1203380950964,157.18803380950965,0.5343839475971419
36.0,3.0,0.0,33.0,100.0,100.0,100.0,34.33070416884542,24.513531734000697,26.28,0.0,289.08,152.68833809509638,468.04833809509637,157.18083380950964,0.53430175581632
37.0,0.0,5.0,32.0,100.0,100.0,100.0,34.33070416884542,24.513531734000697,0.0,43.8,280.32,143.8803380950964,468.00033809509637,157.17603380950965,0.5342469612957721
36.0,2.0,2.0,32.0,100.0,100.0,100.0,34.33070416884542,24.513531734000697,17.52,17.52,280.32,152.56833809509638,467.92833809509636,157.16883380950966,0.5341647695149502
36.0,1.0,4.0,31.0,100.0,100.0,100.0,34.33070416884542,24.513531734000697,8.76,35.04,271.56,152.44833809509637,467.80833809509636,157.15683380950964,0.5340277832135804
35.0,3.0,1.0,31.0,100.0,100.0,100.0,34.33070416884542,24.513531734000697,26.28,8.76,271.56,161.1363380950964,467.73633809509636,157.14963380950965,0.5339455914327584
36.0,0.0,6.0,30.0,100.0,100.0,100.0,34.33070416884542,24.513531734000697,0.0,52.56,262.8,152.3283380950964,467.68833809509636,157.14483380950966,0.5338907969122104
35.0,2.0,3.0,30.0,100.0,100.0,100.0,34.33070416884542,24.513531734000697,17.52,26.28,262.8,161.01633809509636,467.61633809509635,157.13763380950962,0.5338086051313885
34.0,4.0,0.0,30.0,100.0,100.0,100.0,34.33070416884542,24.513531734000697,35.04,0.0,262.8,169.70433809509635,467.54433809509635,157.13043380950964,0.5337264133505666
35.0,1.0,5.0,29.0,100.0,100.0,100.0,34.33070416884542,24.513531734000697,8.76,43.8,254.04,160.89633809509638,467.49633809509635,157.12563380950965,0.5336716188300187
34.0,3.0,2.0,29.0,100.0,100.0,100.0,34.33070416884542,24.513531734000697,26.28,17.52,254.04,169.58433809509634,467.42433809509635,157.11843380950964,0.5335894270491968
35.0,0.0,7.0,28.0,100.0,100.0,100.0,34.33070416884542,24.513531734000697,0.0,61.32,245.28,160.77633809509638,467.37633809509634,157.11363380950965,0.5335346325286489
34.0,2.0,4.0,28.0,100.0,100.0,100.0,34.33070416884542,24.513531734000697,17.52,35.04,245.28,169.46433809509634,467.30433809509634,157.10643380950964,0.5334524407478268
33.0,4.0,1.0,28.0,100.0,100.0,100.0,34.33070416884542,24.513531734000697,35.04,8.76,245.28,178.15233809509635,467.23233809509634,157.09923380950963,0.5333702489670049
34.0,1.0,6.0,27.0,100.0,100.0,100.0,34.33070416884542,24.513531734000697,8.76,52.56,236.52,169.34433809509636,467.18433809509634,157.09443380950964,0.533315454446457
33.0,3.0,3.0,27.0,100.0,100.0,100.0,34.33070416884542,24.513531734000697,26.28,26.28,236.52,178.03233809509638,467.11233809509633,157.08723380950966,0.5332332626656351
34.0,0.0,8.0,26.0,100.0,100.0,100.0,34.33070416884542,24.513531734000697,0.0,70.08,227.76,169.22433809509636,467.06433809509633,157.08243380950964,0.5331784681450872
33.0,2.0,5.0,26.0,100.0,100.0,100.0,34.33070416884542,24.513531734000697,17.52,43.8,227.76,177.91233809509637,466.99233809509633,157.07523380950965,0.5330962763642653
33.0,1.0,7.0,25.0,100.0,100.0,100.0,34.33070416884542,24.513531734000697,8.76,61.32,219.0,177.7923380950964,466.8723380950963,157.06323380950965,0.5329592900628953
33.0,0.0,9.0,24.0,100.0,100.0,100.0,34.33070416884542,24.513531734000697,0.0,78.84,210.24,177.6723380950964,466.7523380950964,157.05123380950965,0.5328223037615255
39.0,1.0,0.0,38.0,100.0,100.0,100.0,34.33070416884542,24.513531734000697,8.76,0.0,332.88,127.24833809509639,468.88833809509634,154.63683380950965,0.5352606599259091
39.0,0.0,2.0,37.0,100.0,100.0,100.0,34.33070416884542,24.513531734000697,0.0,17.52,324.12,127.12833809509638,468.76833809509634,154.62483380950965,0.5351236736245392
38.0,1.0,1.0,36.0,100.0,100.0,100.0,34.33070416884542,24.513531734000697,8.76,8.76,315.36,135.6963380950964,468.57633809509633,154.60563380950964,0.5349044955423474
38.0,0.0,3.0,35.0,100.0,100.0,100.0,34.33070416884542,24.513531734000697,0.0,26.28,306.6,135.5763380950964,468.4563380950963,154.59363380950964,0.5347675092409776
37.0,2.0,0.0,35.0,100.0,100.0,100.0,34.33070416884542,24.513531734000697,17.52,0.0,306.6,144.26433809509638,468.3843380950963,154.58643380950963,0.5346853174601557
37.0,1.0,2.0,34.0,100.0,100.0,100.0,34.33070416884542,24.513531734000697,8.76,17.52,297.84,144.14433809509637,468.2643380950964,154.57443380950966,0.5345483311587858
37.0,0.0,4.0,33.0,100.0,100.0,100.0,34.33070416884542,24.513531734000697,0.0,35.04,289.08,144.0243380950964,468.1443380950964,154.56243380950966,0.5344113448574159
36.0,2.0,1.0,33.0,100.0,100.0,100.0,34.33070416884542,24.513531734000697,17.52,8.76,289.08,152.71233809509638,468.07233809509637,154.55523380950964,0.534329153076594
36.0,1.0,3.0,32.0,100.0,100.0,100.0,34.33070416884542,24.513531734000697,8.76,26.28,280.32,152.59233809509638,467.95233809509637,154.54323380950964,0.5341921667752242
35.0,3.0,0.0,32.0,100.0,100.0,100.0,34.33070416884542,24.513531734000697,26.28,0.0,280.32,161.2803380950964,467.88033809509636,154.53603380950966,0.5341099749944023
36.0,0.0,5.0,31.0,100.0,100.0,100.0,34.33070416884542,24.513531734000697,0.0,43.8,271.56,152.47233809509638,467.83233809509636,154.53123380950964,0.5340551804738543
35.0,2.0,2.0,31.0,100.0,100.0,100.0,34.33070416884542,24.513531734000697,17.52,17.52,271.56,161.16033809509636,467.76033809509636,154.52403380950963,0.5339729886930323
35.0,1.0,4.0,30.0,100.0,100.0,100.0,34.33070416884542,24.513531734000697,8.76,35.04,262.8,161.0403380950964,467.64033809509635,154.51203380950966,0.5338360023916625
34.0,3.0,1.0,30.0,100.0,100.0,100.0,34.33070416884542,24.513531734000697,26.28,8.76,262.8,169.72833809509638,467.56833809509635,154.50483380950965,0.5337538106108406
35.0,0.0,6.0,29.0,100.0,100.0,100.0,34.33070416884542,24.513531734000697,0.0,52.56,254.04,160.92033809509635,467.52033809509635,154.50003380950963,0.5336990160902927
34.0,2.0,3.0,29.0,100.0,100.0,100.0,34.33070416884542,24.513531734000697,17.52,26.28,254.04,169.60833809509634,467.44833809509635,154.49283380950962,0.5336168243094708
33.0,4.0,0.0,29.0,100.0,100.0,100.0,34.33070416884542,24.513531734000697,35.04,0.0,254.04,178.29633809509636,467.37633809509634,154.48563380950964,0.5335346325286489
34.0,1.0,5.0,28.0,100.0,100.0,100.0,34.33070416884542,24.513531734000697,8.76,43.8,245.28,169.48833809509634,467.32833809509634,154.48083380950962,0.5334798380081008
33.0,3.0,2.0,28.0,100.0,100.0,100.0,34.33070416884542,24.513531734000697,26.28,17.52,245.28,178.17633809509638,467.25633809509634,154.47363380950964,0.5333976462272789
34.0,0.0,7.0,27.0,100.0,100.0,100.0,34.33070416884542,24.513531734000697,0.0,61.32,236.52,169.36833809509636,467.20833809509634,154.46883380950962,0.533342851706731
33.0,2.0,4.0,27.0,100.0,100.0,100.0,34.33070416884542,24.513531734000697,17.52,35.04,236.52,178.05633809509638,467.13633809509633,154.46163380950966,0.5332606599259091
33.0,1.0,6.0,26.0,100.0,100.0,100.0,34.33070416884542,24.513531734000697,8.76,52.56,227.76,177.93633809509637,467.01633809509633,154.44963380950966,0.5331236736245392
33.0,0.0,8.0,25.0,100.0,100.0,100.0,34.33070416884542,24.513531734000697,0.0,70.08,219.0,177.8163380950964,466.8963380950963,154.43763380950966,0.5329866873231693
39.0,0.0,1.0,38.0,100.0,100.0,100.0,34.33070416884542,24.513531734000697,0.0,8.76,332.88,127.27233809509639,468.91233809509635,152.01123380950966,0.535288057186183
38.0,1.0,0.0,37.0,100.0,100.0,100.0,34.33070416884542,24.513531734000697,8.76,0.0,324.12,135.8403380950964,468.72033809509634,151.99203380950965,0.5350688791039913
38.0,0.0,2.0,36.0,100.0,100.0,100.0,34.33070416884542,24.513531734000697,0.0,17.52,315.36,135.7203380950964,468.60033809509633,151.98003380950965,0.5349318928026214
37.0,1.0,1.0,35.0,100.0,100.0,100.0,34.33070416884542,24.513531734000697,8.76,8.76,306.6,144.28833809509638,468.4083380950963,151.96083380950964,0.5347127147204296
37.0,0.0,3.0,34.0,100.0,100.0,100.0,34.33070416884542,24.513531734000697,0.0,26.28,297.84,144.16833809509637,468.2883380950963,151.94883380950964,0.5345757284190598
36.0,2.0,0.0,34.0,100.0,100.0,100.0,34.33070416884542,24.513531734000697,17.52,0.0,297.84,152.8563380950964,468.2163380950964,151.94163380950965,0.5344935366382378
36.0,1.0,2.0,33.0,100.0,100.0,100.0,34.33070416884542,24.513531734000697,8.76,17.52,289.08,152.7363380950964,468.09633809509637,151.92963380950965,0.534356550336868
36.0,0.0,4.0,32.0,100.0,100.0,100.0,34.33070416884542,24.513531734000697,0.0,35.04,280.32,152.61633809509638,467.97633809509637,151.91763380950965,0.5342195640354981
35.0,2.0,1.0,32.0,100.0,100.0,100.0,34.33070416884542,24.513531734000697,17.52,8.76,280.32,161.3043380950964,467.90433809509636,151.91043380950964,0.5341373722546762
35.0,1.0,3.0,31.0,100.0,100.0,100.0,34.33070416884542,24.513531734000697,8.76,26.28,271.56,161.1843380950964,467.78433809509636,151.89843380950964,0.5340003859533063
34.0,3.0,0.0,31.0,100.0,100.0,100.0,34.33070416884542,24.513531734000697,26.28,0.0,271.56,169.87233809509635,467.71233809509636,151.89123380950963,0.5339181941724844
35.0,0.0,5.0,30.0,100.0,100.0,100.0,34.33070416884542,24.513531734000697,0.0,43.8,262.8,161.0643380950964,467.66433809509635,151.88643380950964,0.5338633996519365
34.0,2.0,2.0,30.0,100.0,100.0,100.0,34.33070416884542,24.513531734000697,17.52,17.52,262.8,169.75233809509635,467.59233809509635,151.87923380950963,0.5337812078711146
34.0,1.0,4.0,29.0,100.0,100.0,100.0,34.33070416884542,24.513531734000697,8.76,35.04,254.04,169.63233809509634,467.47233809509635,151.86723380950963,0.5336442215697447
33.0,3.0,1.0,29.0,100.0,100.0,100.0,34.33070416884542,24.513531734000697,26.28,8.76,254.04,178.3203380950964,467.40033809509634,151.86003380950964,0.5335620297889228
34.0,0.0,6.0,28.0,100.0,100.0,100.0,34.33070416884542,24.513531734000697,0.0,52.56,245.28,169.51233809509634,467.35233809509634,151.85523380950963,0.5335072352683748
33.0,2.0,3.0,28.0,100.0,100.0,100.0,34.33070416884542,24.513531734000697,17.52,26.28,245.28,178.20033809509638,467.28033809509634,151.84803380950964,0.5334250434875529
33.0,1.0,5.0,27.0,100.0,100.0,100.0,34.33070416884542,24.513531734000697,8.76,43.8,236.52,178.08033809509638,467.16033809509634,151.83603380950964,0.533288057186183
33.0,0.0,7.0,26.0,100.0,100.0,100.0,34.33070416884542,24.513531734000697,0.0,61.32,227.76,177.96033809509638,467.04033809509633,151.82403380950964,0.5331510708848132
39.0,0.0,0.0,39.0,100.0,100.0,100.0,34.33070416884542,24.513531734000697,0.0,0.0,341.64,127.41633809509639,469.05633809509635,149.39763380950964,0.5354524407478268
38.0,0.0,1.0,37.0,100.0,100.0,100.0,34.33070416884542,24.513531734000697,0.0,8.76,324.12,135.8643380950964,468.74433809509634,149.36643380950966,0.5350962763642653
37.0,1.0,0.0,36.0,100.0,100.0,100.0,34.33070416884542,24.513531734000697,8.76,0.0,315.36,144.43233809509638,468.55233809509633,149.34723380950965,0.5348770982820734
37.0,0.0,2.0,35.0,100.0,100.0,100.0,34.33070416884542,24.513531734000697,0.0,17.52,306.6,144.31233809509638,468.4323380950963,149.33523380950965,0.5347401119807036
36.0,1.0,1.0,34.0,100.0,100.0,100.0,34.33070416884542,24.513531734000697,8.76,8.76,297.84,152.8803380950964,468.2403380950964,149.31603380950966,0.5345209338985119
36.0,0.0,3.0,33.0,100.0,100.0,100.0,34.33070416884542,24.513531734000697,0.0,26.28,289.08,152.7603380950964,468.1203380950964,149.30403380950966,0.5343839475971419
35.0,2.0,0.0,33.0,100.0,100.0,100.0,34.33070416884542,24.513531734000697,17.52,0.0,289.08,161.44833809509637,468.04833809509637,149.29683380950965,0.53430175581632
35.0,1.0,2.0,32.0,100.0,100.0,100.0,34.33070416884542,24.513531734000697,8.76,17.52,280.32,161.3283380950964,467.92833809509636,149.28483380950965,0.5341647695149502
35.0,0.0,4.0,31.0,100.0,100.0,100.0,34.33070416884542,24.513531734000697,0.0,35.04,271.56,161.2083380950964,467.80833809509636,149.27283380950965,0.5340277832135804
34.0,2.0,1.0,31.0,100.0,100.0,100.0,34.33070416884542,24.513531734000697,17.52,8.76,271.56,169.89633809509635,467.73633809509636,149.26563380950964,0.5339455914327584
34.0,1.0,3.0,30.0,100.0,100.0,100.0,34.33070416884542,24.513531734000697,8.76,26.28,262.8,169.77633809509635,467.61633809509635,149.25363380950964,0.5338086051313885
33.0,3.0,0.0,30.0,100.0,100.0,100.0,34.33070416884542,24.513531734000697,26.28,0.0,262.8,178.4643380950964,467.54433809509635,149.24643380950965,0.5337264133505666
34.0,0.0,5.0,29.0,100.0,100.0,100.0,34.33070416884542,24.513531734000697,0.0,43.8,254.04,169.65633809509637,467.49633809509635,149.24163380950964,0.5336716188300187
33.0,2.0,2.0,29.0,100.0,100.0,100.0,34.33070416884542,24.513531734000697,17.52,17.52,254.04,178.3443380950964,467.42433809509635,149.23443380950965,0.5335894270491968
33.0,1.0,4.0,28.0,100.0,100.0,100.0,34.33070416884542,24.513531734000697,8.76,35.04,245.28,178.22433809509639,467.30433809509634,149.22243380950965,0.5334524407478268
33.0,0.0,6.0,27.0,100.0,100.0,100.0,34.33070416884542,24.513531734000697,0.0,52.56,236.52,178.10433809509635,467.18433809509634,149.21043380950962,0.533315454446457
38.0,0.0,0.0,38.0,100.0,100.0,100.0,34.33070416884542,24.513531734000697,0.0,0.0,332.88,136.00833809509638,468.88833809509634,146.75283380950964,0.5352606599259091
37.0,0.0,1.0,36.0,100.0,100.0,100.0,34.33070416884542,24.513531734000697,0.0,8.76,315.36,144.45633809509636,468.57633809509633,146.72163380950963,0.5349044955423474
36.0,1.0,0.0,35.0,100.0,100.0,100.0,34.33070416884542,24.513531734000697,8.76,0.0,306.6,153.0243380950964,468.3843380950963,146.70243380950964,0.5346853174601557
36.0,0.0,2.0,34.0,100.0,100.0,100.0,34.33070416884542,24.513531734000697,0.0,17.52,297.84,152.90433809509636,468.2643380950964,146.69043380950964,0.5345483311587858
35.0,1.0,1.0,33.0,100.0,100.0,100.0,34.33070416884542,24.513531734000697,8.76,8.76,289.08,161.47233809509638,468.07233809509637,146.67123380950966,0.534329153076594
35.0,0.0,3.0,32.0,100.0,100.0,100.0,34.33070416884542,24.513531734000697,0.0,26.28,280.32,161.3523380950964,467.95233809509637,146.65923380950966,0.5341921667752242
34.0,2.0,0.0,32.0,100.0,100.0,100.0,34.33070416884542,24.513531734000697,17.52,0.0,280.32,170.04033809509636,467.88033809509636,146.65203380950962,0.5341099749944023
34.0,1.0,2.0,31.0,100.0,100.0,100.0,34.33070416884542,24.513531734000697,8.76,17.52,271.56,169.92033809509635,467.76033809509636,146.64003380950962,0.5339729886930323
34.0,0.0,4.0,30.0,100.0,100.0,100.0,34.33070416884542,24.513531734000697,0.0,35.04,262.8,169.80033809509635,467.64033809509635,146.62803380950965,0.5338360023916625
33.0,2.0,1.0,30.0,100.0,100.0,100.0,34.33070416884542,24.513531734000697,17.52,8.76,262.8,178.4883380950964,467.56833809509635,146.62083380950966,0.5337538106108406
33.0,1.0,3.0,29.0,100.0,100.0,100.0,34.33070416884542,24.513531734000697,8.76,26.28,254.04,178.3683380950964,467.44833809509635,146.60883380950966,0.5336168243094708
33.0,0.0,5.0,28.0,100.0,100.0,100.0,34.33070416884542,24.513531734000697,0.0,43.8,245.28,178.2483380950964,467.32833809509634,146.59683380950966,0.5334798380081008
37.0,0.0,0.0,37.0,100.0,100.0,100.0,34.33070416884542,24.513531734000697,0.0,0.0,324.12,144.6003380950964,468.72033809509634,144.10803380950966,0.5350688791039913
36.0,0.0,1.0,35.0,100.0,100.0,100.0,34.33070416884542,24.513531734000697,0.0,8.76,306.6,153.0483380950964,468.4083380950963,144.07683380950965,0.5347127147204296
35.0,1.0,0.0,34.0,100.0,100.0,100.0,34.33070416884542,24.513531734000697,8.76,0.0,297.84,161.61633809509638,468.2163380950964,144.05763380950964,0.5344935366382378
35.0,0.0,2.0,33.0,100.0,100.0,100.0,34.33070416884542,24.513531734000697,0.0,17.52,289.08,161.49633809509638,468.09633809509637,144.04563380950964,0.534356550336868
34.0,1.0,1.0,32.0,100.0,100.0,100.0,34.33070416884542,24.513531734000697,8.76,8.76,280.32,170.06433809509636,467.90433809509636,144.02643380950963,0.5341373722546762
34.0,0.0,3.0,31.0,100.0,100.0,100.0,34.33070416884542,24.513531734000697,0.0,26.28,271.56,169.94433809509636,467.78433809509636,144.01443380950963,0.5340003859533063
33.0,2.0,0.0,31.0,100.0,100.0,100.0,34.33070416884542,24.513531734000697,17.52,0.0,271.56,178.6323380950964,467.71233809509636,144.00723380950964,0.5339181941724844
33.0,1.0,2.0,30.0,100.0,100.0,100.0,34.33070416884542,24.513531734000697,8.76,17.52,262.8,178.51233809509634,467.59233809509635,143.99523380950964,0.5337812078711146
33.0,0.0,4.0,29.0,100.0,100.0,100.0,34.33070416884542,24.513531734000697,0.0,35.04,254.04,178.3923380950964,467.47233809509635,143.98323380950964,0.5336442215697447
36.0,0.0,0.0,36.0,100.0,100.0,100.0,34.33070416884542,24.513531734000697,0.0,0.0,315.36,153.19233809509637,468.55233809509633,141.46323380950966,0.5348770982820734
35.0,0.0,1.0,34.0,100.0,100.0,100.0,34.33070416884542,24.513531734000697,0.0,8.76,297.84,161.64033809509638,468.2403380950964,141.43203380950965,0.5345209338985119
34.0,1.0,0.0,33.0,100.0,100.0,100.0,34.33070416884542,24.513531734000697,8.76,0.0,289.08,170.20833809509634,468.04833809509637,141.41283380950964,0.53430175581632
34.0,0.0,2.0,32.0,100.0,100.0,100.0,34.33070416884542,24.513531734000697,0.0,17.52,280.32,170.08833809509636,467.92833809509636,141.40083380950963,0.5341647695149502
33.0,1.0,1.0,31.0,100.0,100.0,100.0,34.33070416884542,24.513531734000697,8.76,8.76,271.56,178.65633809509643,467.7363380950964,141.38163380950965,0.5339455914327584
33.0,0.0,3.0,30.0,100.0,100.0,100.0,34.33070416884542,24.513531734000697,0.0,26.28,262.8,178.5363380950964,467.61633809509635,141.36963380950965,0.5338086051313885
35.0,0.0,0.0,35.0,100.0,100.0,100.0,34.33070416884542,24.513531734000697,0.0,0.0,306.6,161.7843380950964,468.3843380950963,138.81843380950966,0.5346853174601557
34.0,0.0,1.0,33.0,100.0,100.0,100.0,34.33070416884542,24.513531734000697,0.0,8.76,289.08,170.23233809509634,468.07233809509637,138.78723380950964,0.534329153076594
33.0,1.0,0.0,32.0,100.0,100.0,100.0,34.33070416884542,24.513531734000697,8.76,0.0,280.32,178.80033809509635,467.88033809509636,138.76803380950963,0.5341099749944023
33.0,0.0,2.0,31.0,100.0,100.0,100.0,34.33070416884542,24.513531734000697,0.0,17.52,271.56,178.68033809509637,467.76033809509636,138.75603380950966,0.5339729886930323
34.0,0.0,0.0,34.0,100.0,100.0,100.0,34.33070416884542,24.513531734000697,0.0,0.0,297.84,170.37633809509634,468.2163380950964,136.17363380950962,0.5344935366382378
33.0,0.0,1.0,32.0,100.0,100.0,100.0,34.33070416884542,24.513531734000697,0.0,8.76,280.32,178.82433809509635,467.90433809509636,136.14243380950964,0.5341373722546762
33.0,0.0,0.0,33.0,100.0,100.0,100.0,34.33070416884542,24.513531734000697,0.0,0.0,289.08,178.96833809509636,468.04833809509637,133.52883380950962,0.53430175581632
